Key,Address,R,Hp,Pos,Label
R_72_Hp_7,../data/shallow_water_simulation_rollout_test/R_72_Hp_7.npy,72,7,0,"[72, 7, 0]"
R_72_Hp_7,../data/shallow_water_simulation_rollout_test/R_72_Hp_7.npy,72,7,1,"[72, 7, 1]"
R_72_Hp_7,../data/shallow_water_simulation_rollout_test/R_72_Hp_7.npy,72,7,2,"[72, 7, 2]"
R_72_Hp_7,../data/shallow_water_simulation_rollout_test/R_72_Hp_7.npy,72,7,3,"[72, 7, 3]"
R_72_Hp_7,../data/shallow_water_simulation_rollout_test/R_72_Hp_7.npy,72,7,4,"[72, 7, 4]"
R_72_Hp_7,../data/shallow_water_simulation_rollout_test/R_72_Hp_7.npy,72,7,5,"[72, 7, 5]"
R_72_Hp_7,../data/shallow_water_simulation_rollout_test/R_72_Hp_7.npy,72,7,6,"[72, 7, 6]"
R_72_Hp_7,../data/shallow_water_simulation_rollout_test/R_72_Hp_7.npy,72,7,7,"[72, 7, 7]"
R_72_Hp_7,../data/shallow_water_simulation_rollout_test/R_72_Hp_7.npy,72,7,8,"[72, 7, 8]"
R_72_Hp_7,../data/shallow_water_simulation_rollout_test/R_72_Hp_7.npy,72,7,9,"[72, 7, 9]"
R_72_Hp_7,../data/shallow_water_simulation_rollout_test/R_72_Hp_7.npy,72,7,10,"[72, 7, 10]"
R_72_Hp_7,../data/shallow_water_simulation_rollout_test/R_72_Hp_7.npy,72,7,11,"[72, 7, 11]"
R_72_Hp_7,../data/shallow_water_simulation_rollout_test/R_72_Hp_7.npy,72,7,12,"[72, 7, 12]"
R_72_Hp_7,../data/shallow_water_simulation_rollout_test/R_72_Hp_7.npy,72,7,13,"[72, 7, 13]"
R_72_Hp_7,../data/shallow_water_simulation_rollout_test/R_72_Hp_7.npy,72,7,14,"[72, 7, 14]"
R_72_Hp_7,../data/shallow_water_simulation_rollout_test/R_72_Hp_7.npy,72,7,15,"[72, 7, 15]"
R_72_Hp_7,../data/shallow_water_simulation_rollout_test/R_72_Hp_7.npy,72,7,16,"[72, 7, 16]"
R_72_Hp_7,../data/shallow_water_simulation_rollout_test/R_72_Hp_7.npy,72,7,17,"[72, 7, 17]"
R_72_Hp_7,../data/shallow_water_simulation_rollout_test/R_72_Hp_7.npy,72,7,18,"[72, 7, 18]"
R_72_Hp_7,../data/shallow_water_simulation_rollout_test/R_72_Hp_7.npy,72,7,19,"[72, 7, 19]"
R_72_Hp_7,../data/shallow_water_simulation_rollout_test/R_72_Hp_7.npy,72,7,20,"[72, 7, 20]"
R_72_Hp_7,../data/shallow_water_simulation_rollout_test/R_72_Hp_7.npy,72,7,21,"[72, 7, 21]"
R_72_Hp_7,../data/shallow_water_simulation_rollout_test/R_72_Hp_7.npy,72,7,22,"[72, 7, 22]"
R_72_Hp_7,../data/shallow_water_simulation_rollout_test/R_72_Hp_7.npy,72,7,23,"[72, 7, 23]"
R_72_Hp_7,../data/shallow_water_simulation_rollout_test/R_72_Hp_7.npy,72,7,24,"[72, 7, 24]"
R_72_Hp_7,../data/shallow_water_simulation_rollout_test/R_72_Hp_7.npy,72,7,25,"[72, 7, 25]"
R_72_Hp_7,../data/shallow_water_simulation_rollout_test/R_72_Hp_7.npy,72,7,26,"[72, 7, 26]"
R_72_Hp_7,../data/shallow_water_simulation_rollout_test/R_72_Hp_7.npy,72,7,27,"[72, 7, 27]"
R_72_Hp_7,../data/shallow_water_simulation_rollout_test/R_72_Hp_7.npy,72,7,28,"[72, 7, 28]"
R_72_Hp_7,../data/shallow_water_simulation_rollout_test/R_72_Hp_7.npy,72,7,29,"[72, 7, 29]"
R_72_Hp_7,../data/shallow_water_simulation_rollout_test/R_72_Hp_7.npy,72,7,30,"[72, 7, 30]"
R_72_Hp_7,../data/shallow_water_simulation_rollout_test/R_72_Hp_7.npy,72,7,31,"[72, 7, 31]"
R_72_Hp_7,../data/shallow_water_simulation_rollout_test/R_72_Hp_7.npy,72,7,32,"[72, 7, 32]"
R_72_Hp_7,../data/shallow_water_simulation_rollout_test/R_72_Hp_7.npy,72,7,33,"[72, 7, 33]"
R_72_Hp_7,../data/shallow_water_simulation_rollout_test/R_72_Hp_7.npy,72,7,34,"[72, 7, 34]"
R_72_Hp_7,../data/shallow_water_simulation_rollout_test/R_72_Hp_7.npy,72,7,35,"[72, 7, 35]"
R_72_Hp_7,../data/shallow_water_simulation_rollout_test/R_72_Hp_7.npy,72,7,36,"[72, 7, 36]"
R_72_Hp_7,../data/shallow_water_simulation_rollout_test/R_72_Hp_7.npy,72,7,37,"[72, 7, 37]"
R_72_Hp_7,../data/shallow_water_simulation_rollout_test/R_72_Hp_7.npy,72,7,38,"[72, 7, 38]"
R_72_Hp_7,../data/shallow_water_simulation_rollout_test/R_72_Hp_7.npy,72,7,39,"[72, 7, 39]"
R_72_Hp_7,../data/shallow_water_simulation_rollout_test/R_72_Hp_7.npy,72,7,40,"[72, 7, 40]"
R_72_Hp_7,../data/shallow_water_simulation_rollout_test/R_72_Hp_7.npy,72,7,41,"[72, 7, 41]"
R_72_Hp_7,../data/shallow_water_simulation_rollout_test/R_72_Hp_7.npy,72,7,42,"[72, 7, 42]"
R_72_Hp_7,../data/shallow_water_simulation_rollout_test/R_72_Hp_7.npy,72,7,43,"[72, 7, 43]"
R_72_Hp_7,../data/shallow_water_simulation_rollout_test/R_72_Hp_7.npy,72,7,44,"[72, 7, 44]"
R_72_Hp_7,../data/shallow_water_simulation_rollout_test/R_72_Hp_7.npy,72,7,45,"[72, 7, 45]"
R_72_Hp_7,../data/shallow_water_simulation_rollout_test/R_72_Hp_7.npy,72,7,46,"[72, 7, 46]"
R_72_Hp_7,../data/shallow_water_simulation_rollout_test/R_72_Hp_7.npy,72,7,47,"[72, 7, 47]"
R_72_Hp_7,../data/shallow_water_simulation_rollout_test/R_72_Hp_7.npy,72,7,48,"[72, 7, 48]"
R_72_Hp_7,../data/shallow_water_simulation_rollout_test/R_72_Hp_7.npy,72,7,49,"[72, 7, 49]"
R_72_Hp_7,../data/shallow_water_simulation_rollout_test/R_72_Hp_7.npy,72,7,50,"[72, 7, 50]"
R_72_Hp_7,../data/shallow_water_simulation_rollout_test/R_72_Hp_7.npy,72,7,51,"[72, 7, 51]"
R_72_Hp_7,../data/shallow_water_simulation_rollout_test/R_72_Hp_7.npy,72,7,52,"[72, 7, 52]"
R_72_Hp_7,../data/shallow_water_simulation_rollout_test/R_72_Hp_7.npy,72,7,53,"[72, 7, 53]"
R_72_Hp_7,../data/shallow_water_simulation_rollout_test/R_72_Hp_7.npy,72,7,54,"[72, 7, 54]"
R_72_Hp_7,../data/shallow_water_simulation_rollout_test/R_72_Hp_7.npy,72,7,55,"[72, 7, 55]"
R_72_Hp_7,../data/shallow_water_simulation_rollout_test/R_72_Hp_7.npy,72,7,56,"[72, 7, 56]"
R_72_Hp_7,../data/shallow_water_simulation_rollout_test/R_72_Hp_7.npy,72,7,57,"[72, 7, 57]"
R_72_Hp_7,../data/shallow_water_simulation_rollout_test/R_72_Hp_7.npy,72,7,58,"[72, 7, 58]"
R_72_Hp_7,../data/shallow_water_simulation_rollout_test/R_72_Hp_7.npy,72,7,59,"[72, 7, 59]"
R_72_Hp_7,../data/shallow_water_simulation_rollout_test/R_72_Hp_7.npy,72,7,60,"[72, 7, 60]"
R_72_Hp_7,../data/shallow_water_simulation_rollout_test/R_72_Hp_7.npy,72,7,61,"[72, 7, 61]"
R_72_Hp_7,../data/shallow_water_simulation_rollout_test/R_72_Hp_7.npy,72,7,62,"[72, 7, 62]"
R_72_Hp_7,../data/shallow_water_simulation_rollout_test/R_72_Hp_7.npy,72,7,63,"[72, 7, 63]"
R_72_Hp_7,../data/shallow_water_simulation_rollout_test/R_72_Hp_7.npy,72,7,64,"[72, 7, 64]"
R_72_Hp_7,../data/shallow_water_simulation_rollout_test/R_72_Hp_7.npy,72,7,65,"[72, 7, 65]"
R_72_Hp_7,../data/shallow_water_simulation_rollout_test/R_72_Hp_7.npy,72,7,66,"[72, 7, 66]"
R_72_Hp_7,../data/shallow_water_simulation_rollout_test/R_72_Hp_7.npy,72,7,67,"[72, 7, 67]"
R_72_Hp_7,../data/shallow_water_simulation_rollout_test/R_72_Hp_7.npy,72,7,68,"[72, 7, 68]"
R_72_Hp_7,../data/shallow_water_simulation_rollout_test/R_72_Hp_7.npy,72,7,69,"[72, 7, 69]"
R_72_Hp_7,../data/shallow_water_simulation_rollout_test/R_72_Hp_7.npy,72,7,70,"[72, 7, 70]"
R_72_Hp_7,../data/shallow_water_simulation_rollout_test/R_72_Hp_7.npy,72,7,71,"[72, 7, 71]"
R_72_Hp_7,../data/shallow_water_simulation_rollout_test/R_72_Hp_7.npy,72,7,72,"[72, 7, 72]"
R_72_Hp_7,../data/shallow_water_simulation_rollout_test/R_72_Hp_7.npy,72,7,73,"[72, 7, 73]"
R_72_Hp_7,../data/shallow_water_simulation_rollout_test/R_72_Hp_7.npy,72,7,74,"[72, 7, 74]"
R_72_Hp_7,../data/shallow_water_simulation_rollout_test/R_72_Hp_7.npy,72,7,75,"[72, 7, 75]"
R_72_Hp_7,../data/shallow_water_simulation_rollout_test/R_72_Hp_7.npy,72,7,76,"[72, 7, 76]"
R_72_Hp_7,../data/shallow_water_simulation_rollout_test/R_72_Hp_7.npy,72,7,77,"[72, 7, 77]"
R_72_Hp_7,../data/shallow_water_simulation_rollout_test/R_72_Hp_7.npy,72,7,78,"[72, 7, 78]"
R_72_Hp_7,../data/shallow_water_simulation_rollout_test/R_72_Hp_7.npy,72,7,79,"[72, 7, 79]"
R_72_Hp_7,../data/shallow_water_simulation_rollout_test/R_72_Hp_7.npy,72,7,80,"[72, 7, 80]"
R_72_Hp_7,../data/shallow_water_simulation_rollout_test/R_72_Hp_7.npy,72,7,81,"[72, 7, 81]"
R_72_Hp_7,../data/shallow_water_simulation_rollout_test/R_72_Hp_7.npy,72,7,82,"[72, 7, 82]"
R_72_Hp_7,../data/shallow_water_simulation_rollout_test/R_72_Hp_7.npy,72,7,83,"[72, 7, 83]"
R_72_Hp_7,../data/shallow_water_simulation_rollout_test/R_72_Hp_7.npy,72,7,84,"[72, 7, 84]"
R_72_Hp_7,../data/shallow_water_simulation_rollout_test/R_72_Hp_7.npy,72,7,85,"[72, 7, 85]"
R_72_Hp_7,../data/shallow_water_simulation_rollout_test/R_72_Hp_7.npy,72,7,86,"[72, 7, 86]"
R_72_Hp_7,../data/shallow_water_simulation_rollout_test/R_72_Hp_7.npy,72,7,87,"[72, 7, 87]"
R_72_Hp_7,../data/shallow_water_simulation_rollout_test/R_72_Hp_7.npy,72,7,88,"[72, 7, 88]"
R_72_Hp_7,../data/shallow_water_simulation_rollout_test/R_72_Hp_7.npy,72,7,89,"[72, 7, 89]"
R_72_Hp_7,../data/shallow_water_simulation_rollout_test/R_72_Hp_7.npy,72,7,90,"[72, 7, 90]"
R_72_Hp_7,../data/shallow_water_simulation_rollout_test/R_72_Hp_7.npy,72,7,91,"[72, 7, 91]"
R_72_Hp_7,../data/shallow_water_simulation_rollout_test/R_72_Hp_7.npy,72,7,92,"[72, 7, 92]"
R_72_Hp_7,../data/shallow_water_simulation_rollout_test/R_72_Hp_7.npy,72,7,93,"[72, 7, 93]"
R_72_Hp_7,../data/shallow_water_simulation_rollout_test/R_72_Hp_7.npy,72,7,94,"[72, 7, 94]"
R_72_Hp_7,../data/shallow_water_simulation_rollout_test/R_72_Hp_7.npy,72,7,95,"[72, 7, 95]"
R_72_Hp_7,../data/shallow_water_simulation_rollout_test/R_72_Hp_7.npy,72,7,96,"[72, 7, 96]"
R_72_Hp_7,../data/shallow_water_simulation_rollout_test/R_72_Hp_7.npy,72,7,97,"[72, 7, 97]"
R_72_Hp_7,../data/shallow_water_simulation_rollout_test/R_72_Hp_7.npy,72,7,98,"[72, 7, 98]"
R_72_Hp_7,../data/shallow_water_simulation_rollout_test/R_72_Hp_7.npy,72,7,99,"[72, 7, 99]"
R_72_Hp_7,../data/shallow_water_simulation_rollout_test/R_72_Hp_7.npy,72,7,100,"[72, 7, 100]"
R_72_Hp_7,../data/shallow_water_simulation_rollout_test/R_72_Hp_7.npy,72,7,101,"[72, 7, 101]"
R_72_Hp_7,../data/shallow_water_simulation_rollout_test/R_72_Hp_7.npy,72,7,102,"[72, 7, 102]"
R_72_Hp_7,../data/shallow_water_simulation_rollout_test/R_72_Hp_7.npy,72,7,103,"[72, 7, 103]"
R_72_Hp_7,../data/shallow_water_simulation_rollout_test/R_72_Hp_7.npy,72,7,104,"[72, 7, 104]"
R_72_Hp_7,../data/shallow_water_simulation_rollout_test/R_72_Hp_7.npy,72,7,105,"[72, 7, 105]"
R_72_Hp_7,../data/shallow_water_simulation_rollout_test/R_72_Hp_7.npy,72,7,106,"[72, 7, 106]"
R_72_Hp_7,../data/shallow_water_simulation_rollout_test/R_72_Hp_7.npy,72,7,107,"[72, 7, 107]"
R_72_Hp_7,../data/shallow_water_simulation_rollout_test/R_72_Hp_7.npy,72,7,108,"[72, 7, 108]"
R_72_Hp_7,../data/shallow_water_simulation_rollout_test/R_72_Hp_7.npy,72,7,109,"[72, 7, 109]"
R_72_Hp_7,../data/shallow_water_simulation_rollout_test/R_72_Hp_7.npy,72,7,110,"[72, 7, 110]"
R_72_Hp_7,../data/shallow_water_simulation_rollout_test/R_72_Hp_7.npy,72,7,111,"[72, 7, 111]"
R_72_Hp_7,../data/shallow_water_simulation_rollout_test/R_72_Hp_7.npy,72,7,112,"[72, 7, 112]"
R_72_Hp_7,../data/shallow_water_simulation_rollout_test/R_72_Hp_7.npy,72,7,113,"[72, 7, 113]"
R_72_Hp_7,../data/shallow_water_simulation_rollout_test/R_72_Hp_7.npy,72,7,114,"[72, 7, 114]"
R_72_Hp_7,../data/shallow_water_simulation_rollout_test/R_72_Hp_7.npy,72,7,115,"[72, 7, 115]"
R_72_Hp_7,../data/shallow_water_simulation_rollout_test/R_72_Hp_7.npy,72,7,116,"[72, 7, 116]"
R_72_Hp_7,../data/shallow_water_simulation_rollout_test/R_72_Hp_7.npy,72,7,117,"[72, 7, 117]"
R_72_Hp_7,../data/shallow_water_simulation_rollout_test/R_72_Hp_7.npy,72,7,118,"[72, 7, 118]"
R_72_Hp_7,../data/shallow_water_simulation_rollout_test/R_72_Hp_7.npy,72,7,119,"[72, 7, 119]"
R_72_Hp_7,../data/shallow_water_simulation_rollout_test/R_72_Hp_7.npy,72,7,120,"[72, 7, 120]"
R_72_Hp_7,../data/shallow_water_simulation_rollout_test/R_72_Hp_7.npy,72,7,121,"[72, 7, 121]"
R_72_Hp_7,../data/shallow_water_simulation_rollout_test/R_72_Hp_7.npy,72,7,122,"[72, 7, 122]"
R_72_Hp_7,../data/shallow_water_simulation_rollout_test/R_72_Hp_7.npy,72,7,123,"[72, 7, 123]"
R_72_Hp_7,../data/shallow_water_simulation_rollout_test/R_72_Hp_7.npy,72,7,124,"[72, 7, 124]"
R_72_Hp_7,../data/shallow_water_simulation_rollout_test/R_72_Hp_7.npy,72,7,125,"[72, 7, 125]"
R_72_Hp_7,../data/shallow_water_simulation_rollout_test/R_72_Hp_7.npy,72,7,126,"[72, 7, 126]"
R_72_Hp_7,../data/shallow_water_simulation_rollout_test/R_72_Hp_7.npy,72,7,127,"[72, 7, 127]"
R_72_Hp_7,../data/shallow_water_simulation_rollout_test/R_72_Hp_7.npy,72,7,128,"[72, 7, 128]"
R_72_Hp_7,../data/shallow_water_simulation_rollout_test/R_72_Hp_7.npy,72,7,129,"[72, 7, 129]"
R_72_Hp_7,../data/shallow_water_simulation_rollout_test/R_72_Hp_7.npy,72,7,130,"[72, 7, 130]"
R_72_Hp_7,../data/shallow_water_simulation_rollout_test/R_72_Hp_7.npy,72,7,131,"[72, 7, 131]"
R_72_Hp_7,../data/shallow_water_simulation_rollout_test/R_72_Hp_7.npy,72,7,132,"[72, 7, 132]"
R_72_Hp_7,../data/shallow_water_simulation_rollout_test/R_72_Hp_7.npy,72,7,133,"[72, 7, 133]"
R_72_Hp_7,../data/shallow_water_simulation_rollout_test/R_72_Hp_7.npy,72,7,134,"[72, 7, 134]"
R_72_Hp_7,../data/shallow_water_simulation_rollout_test/R_72_Hp_7.npy,72,7,135,"[72, 7, 135]"
R_72_Hp_7,../data/shallow_water_simulation_rollout_test/R_72_Hp_7.npy,72,7,136,"[72, 7, 136]"
R_72_Hp_7,../data/shallow_water_simulation_rollout_test/R_72_Hp_7.npy,72,7,137,"[72, 7, 137]"
R_72_Hp_7,../data/shallow_water_simulation_rollout_test/R_72_Hp_7.npy,72,7,138,"[72, 7, 138]"
R_72_Hp_7,../data/shallow_water_simulation_rollout_test/R_72_Hp_7.npy,72,7,139,"[72, 7, 139]"
R_72_Hp_7,../data/shallow_water_simulation_rollout_test/R_72_Hp_7.npy,72,7,140,"[72, 7, 140]"
R_72_Hp_7,../data/shallow_water_simulation_rollout_test/R_72_Hp_7.npy,72,7,141,"[72, 7, 141]"
R_72_Hp_7,../data/shallow_water_simulation_rollout_test/R_72_Hp_7.npy,72,7,142,"[72, 7, 142]"
R_72_Hp_7,../data/shallow_water_simulation_rollout_test/R_72_Hp_7.npy,72,7,143,"[72, 7, 143]"
R_72_Hp_7,../data/shallow_water_simulation_rollout_test/R_72_Hp_7.npy,72,7,144,"[72, 7, 144]"
R_72_Hp_7,../data/shallow_water_simulation_rollout_test/R_72_Hp_7.npy,72,7,145,"[72, 7, 145]"
R_72_Hp_7,../data/shallow_water_simulation_rollout_test/R_72_Hp_7.npy,72,7,146,"[72, 7, 146]"
R_72_Hp_7,../data/shallow_water_simulation_rollout_test/R_72_Hp_7.npy,72,7,147,"[72, 7, 147]"
R_72_Hp_7,../data/shallow_water_simulation_rollout_test/R_72_Hp_7.npy,72,7,148,"[72, 7, 148]"
R_72_Hp_7,../data/shallow_water_simulation_rollout_test/R_72_Hp_7.npy,72,7,149,"[72, 7, 149]"
R_72_Hp_7,../data/shallow_water_simulation_rollout_test/R_72_Hp_7.npy,72,7,150,"[72, 7, 150]"
R_72_Hp_7,../data/shallow_water_simulation_rollout_test/R_72_Hp_7.npy,72,7,151,"[72, 7, 151]"
R_72_Hp_7,../data/shallow_water_simulation_rollout_test/R_72_Hp_7.npy,72,7,152,"[72, 7, 152]"
R_72_Hp_7,../data/shallow_water_simulation_rollout_test/R_72_Hp_7.npy,72,7,153,"[72, 7, 153]"
R_72_Hp_7,../data/shallow_water_simulation_rollout_test/R_72_Hp_7.npy,72,7,154,"[72, 7, 154]"
R_72_Hp_7,../data/shallow_water_simulation_rollout_test/R_72_Hp_7.npy,72,7,155,"[72, 7, 155]"
R_72_Hp_7,../data/shallow_water_simulation_rollout_test/R_72_Hp_7.npy,72,7,156,"[72, 7, 156]"
R_72_Hp_7,../data/shallow_water_simulation_rollout_test/R_72_Hp_7.npy,72,7,157,"[72, 7, 157]"
R_72_Hp_7,../data/shallow_water_simulation_rollout_test/R_72_Hp_7.npy,72,7,158,"[72, 7, 158]"
R_72_Hp_7,../data/shallow_water_simulation_rollout_test/R_72_Hp_7.npy,72,7,159,"[72, 7, 159]"
R_72_Hp_7,../data/shallow_water_simulation_rollout_test/R_72_Hp_7.npy,72,7,160,"[72, 7, 160]"
R_72_Hp_7,../data/shallow_water_simulation_rollout_test/R_72_Hp_7.npy,72,7,161,"[72, 7, 161]"
R_72_Hp_7,../data/shallow_water_simulation_rollout_test/R_72_Hp_7.npy,72,7,162,"[72, 7, 162]"
R_72_Hp_7,../data/shallow_water_simulation_rollout_test/R_72_Hp_7.npy,72,7,163,"[72, 7, 163]"
R_72_Hp_7,../data/shallow_water_simulation_rollout_test/R_72_Hp_7.npy,72,7,164,"[72, 7, 164]"
R_72_Hp_7,../data/shallow_water_simulation_rollout_test/R_72_Hp_7.npy,72,7,165,"[72, 7, 165]"
R_72_Hp_7,../data/shallow_water_simulation_rollout_test/R_72_Hp_7.npy,72,7,166,"[72, 7, 166]"
R_72_Hp_7,../data/shallow_water_simulation_rollout_test/R_72_Hp_7.npy,72,7,167,"[72, 7, 167]"
R_72_Hp_7,../data/shallow_water_simulation_rollout_test/R_72_Hp_7.npy,72,7,168,"[72, 7, 168]"
R_72_Hp_7,../data/shallow_water_simulation_rollout_test/R_72_Hp_7.npy,72,7,169,"[72, 7, 169]"
R_72_Hp_7,../data/shallow_water_simulation_rollout_test/R_72_Hp_7.npy,72,7,170,"[72, 7, 170]"
R_72_Hp_7,../data/shallow_water_simulation_rollout_test/R_72_Hp_7.npy,72,7,171,"[72, 7, 171]"
R_72_Hp_7,../data/shallow_water_simulation_rollout_test/R_72_Hp_7.npy,72,7,172,"[72, 7, 172]"
R_72_Hp_7,../data/shallow_water_simulation_rollout_test/R_72_Hp_7.npy,72,7,173,"[72, 7, 173]"
R_72_Hp_7,../data/shallow_water_simulation_rollout_test/R_72_Hp_7.npy,72,7,174,"[72, 7, 174]"
R_72_Hp_7,../data/shallow_water_simulation_rollout_test/R_72_Hp_7.npy,72,7,175,"[72, 7, 175]"
R_72_Hp_7,../data/shallow_water_simulation_rollout_test/R_72_Hp_7.npy,72,7,176,"[72, 7, 176]"
R_72_Hp_7,../data/shallow_water_simulation_rollout_test/R_72_Hp_7.npy,72,7,177,"[72, 7, 177]"
R_72_Hp_7,../data/shallow_water_simulation_rollout_test/R_72_Hp_7.npy,72,7,178,"[72, 7, 178]"
R_72_Hp_7,../data/shallow_water_simulation_rollout_test/R_72_Hp_7.npy,72,7,179,"[72, 7, 179]"
R_72_Hp_7,../data/shallow_water_simulation_rollout_test/R_72_Hp_7.npy,72,7,180,"[72, 7, 180]"
R_72_Hp_7,../data/shallow_water_simulation_rollout_test/R_72_Hp_7.npy,72,7,181,"[72, 7, 181]"
R_72_Hp_7,../data/shallow_water_simulation_rollout_test/R_72_Hp_7.npy,72,7,182,"[72, 7, 182]"
R_72_Hp_7,../data/shallow_water_simulation_rollout_test/R_72_Hp_7.npy,72,7,183,"[72, 7, 183]"
R_72_Hp_7,../data/shallow_water_simulation_rollout_test/R_72_Hp_7.npy,72,7,184,"[72, 7, 184]"
R_72_Hp_7,../data/shallow_water_simulation_rollout_test/R_72_Hp_7.npy,72,7,185,"[72, 7, 185]"
R_72_Hp_7,../data/shallow_water_simulation_rollout_test/R_72_Hp_7.npy,72,7,186,"[72, 7, 186]"
R_72_Hp_7,../data/shallow_water_simulation_rollout_test/R_72_Hp_7.npy,72,7,187,"[72, 7, 187]"
R_72_Hp_7,../data/shallow_water_simulation_rollout_test/R_72_Hp_7.npy,72,7,188,"[72, 7, 188]"
R_72_Hp_7,../data/shallow_water_simulation_rollout_test/R_72_Hp_7.npy,72,7,189,"[72, 7, 189]"
R_72_Hp_7,../data/shallow_water_simulation_rollout_test/R_72_Hp_7.npy,72,7,190,"[72, 7, 190]"
R_72_Hp_7,../data/shallow_water_simulation_rollout_test/R_72_Hp_7.npy,72,7,191,"[72, 7, 191]"
R_72_Hp_7,../data/shallow_water_simulation_rollout_test/R_72_Hp_7.npy,72,7,192,"[72, 7, 192]"
R_72_Hp_7,../data/shallow_water_simulation_rollout_test/R_72_Hp_7.npy,72,7,193,"[72, 7, 193]"
R_72_Hp_7,../data/shallow_water_simulation_rollout_test/R_72_Hp_7.npy,72,7,194,"[72, 7, 194]"
R_72_Hp_7,../data/shallow_water_simulation_rollout_test/R_72_Hp_7.npy,72,7,195,"[72, 7, 195]"
R_72_Hp_7,../data/shallow_water_simulation_rollout_test/R_72_Hp_7.npy,72,7,196,"[72, 7, 196]"
R_72_Hp_7,../data/shallow_water_simulation_rollout_test/R_72_Hp_7.npy,72,7,197,"[72, 7, 197]"
R_72_Hp_7,../data/shallow_water_simulation_rollout_test/R_72_Hp_7.npy,72,7,198,"[72, 7, 198]"
R_72_Hp_7,../data/shallow_water_simulation_rollout_test/R_72_Hp_7.npy,72,7,199,"[72, 7, 199]"
